"","Date","BTC_price","oil_price"
"1","2015-02-17",213.655502,62.53
"2","2015-02-18",207.33989,60.53
"3","2015-02-19",211.479492,60.21
"4","2015-02-20",214.254715,60.22
"5","2015-02-23",210.811859,58.9
"6","2015-02-24",210.543259,58.66
"7","2015-02-25",209.003693,61.63
"8","2015-02-26",211.07579,60.05
"9","2015-02-27",226.753616,62.58
"10","2015-03-02",246.68457,59.54
"11","2015-03-03",251.924515,61.02
"12","2015-03-04",246.539688,60.55
"13","2015-03-05",250.388046,60.48
"14","2015-03-06",251.519867,59.73
"15","2015-03-09",267.31308,58.53
"16","2015-03-10",272.494629,56.39
"17","2015-03-11",280.981232,57.54
"18","2015-03-12",277.013,57.08
"19","2015-03-13",271.956726,55.01
"20","2015-03-16",274.922424,53.94
"21","2015-03-17",269.471466,53.51
"22","2015-03-18",236.285614,55.91
"23","2015-03-19",244.6353,54.43
"24","2015-03-20",241.912186,55.32
"25","2015-03-23",243.753983,55.92
"26","2015-03-24",225.275177,55.11
"27","2015-03-25",224.591324,56.48
"28","2015-03-26",228.367172,59.19
"29","2015-03-27",226.90274,56.41
"30","2015-03-30",228.598083,56.29
"31","2015-03-31",227.396652,55.11
"32","2015-04-01",229.614639,57.1
"33","2015-04-02",232.776703,54.95
"34","2015-04-06",233.688843,58.12
"35","2015-04-07",233.992599,59.1
"36","2015-04-08",227.250977,55.55
"37","2015-04-09",228.503372,56.57
"38","2015-04-10",222.667435,57.87
"39","2015-04-13",212.45578,57.93
"40","2015-04-14",205.879745,58.43
"41","2015-04-15",209.679611,63.32
"42","2015-04-16",212.487686,63.98
"43","2015-04-17",206.276733,63.45
"44","2015-04-20",209.012756,63.45
"45","2015-04-21",219.119858,62.08
"46","2015-04-22",218.386642,62.73
"47","2015-04-23",218.703293,64.85
"48","2015-04-24",212.601593,65.28
"49","2015-04-27",210.837692,64.83
"50","2015-04-28",205.940552,64.64
"51","2015-04-29",203.229233,65.84
"52","2015-04-30",210.65567,66.78
"53","2015-05-01",207.231888,66.46
"54","2015-05-04",214.423615,66.45
"55","2015-05-05",211.218353,67.52
"56","2015-05-06",202.665375,67.77
"57","2015-05-07",211.076126,65.54
"58","2015-05-08",217.793167,65.39
"59","2015-05-11",217.279495,64.91
"60","2015-05-12",214.952301,66.86
"61","2015-05-13",208.353455,66.81
"62","2015-05-14",207.832458,66.59
"63","2015-05-15",207.497162,66.81
"64","2015-05-18",205.925278,66.27
"65","2015-05-19",208.192276,64.02
"66","2015-05-20",210.808044,65.03
"67","2015-05-21",211.888,66.54
"68","2015-05-22",218.200638,65.37
"69","2015-05-26",217.837387,63.72
"70","2015-05-27",217.770752,62.06
"71","2015-05-28",216.613144,62.58
"72","2015-05-29",215.796844,65.56
"73","2015-06-01",204.125992,64.88
"74","2015-06-02",202.568405,65.49
"75","2015-06-03",200.616394,63.8
"76","2015-06-04",200.182053,62.03
"77","2015-06-05",202.458817,63.31
"78","2015-06-08",202.597092,62.69
"79","2015-06-09",202.840958,64.88
"80","2015-06-10",202.319382,65.7
"81","2015-06-11",204.27301,65.11
"82","2015-06-12",204.101883,63.87
"83","2015-06-15",210.079834,63.95
"84","2015-06-16",223.236053,63.7
"85","2015-06-17",219.420822,63.87
"86","2015-06-18",218.984268,64.26
"87","2015-06-19",215.416992,63.02
"88","2015-06-22",217.746628,63.34
"89","2015-06-23",218.628967,64.45
"90","2015-06-24",214.649704,63.49
"91","2015-06-25",216.746109,63.2
"92","2015-06-26",218.176437,63.26
"93","2015-06-29",229.214447,62.01
"94","2015-06-30",236.299286,63.59
"95","2015-07-01",234.364304,62.01
"96","2015-07-02",230.43306,62.07
"97","2015-07-06",243.55423,56.54
"98","2015-07-07",241.874435,56.85
"99","2015-07-08",244.633667,57.05
"100","2015-07-09",243.380936,58.61
"101","2015-07-10",255.258499,58.73
"102","2015-07-13",265.963013,57.85
"103","2015-07-14",261.235901,58.51
"104","2015-07-15",261.365234,57.12
"105","2015-07-16",255.573013,56.92
"106","2015-07-17",258.125031,57.1
"107","2015-07-20",257.576385,56.65
"108","2015-07-21",252.247833,57.04
"109","2015-07-22",253.796555,56.13
"110","2015-07-23",251.296326,55.27
"111","2015-07-24",262.357117,54.62
"112","2015-07-27",264.812408,53.47
"113","2015-07-28",266.11261,53.3
"114","2015-07-29",263.743164,53.38
"115","2015-07-30",263.024017,53.31
"116","2015-07-31",259.102478,52.21
"117","2015-08-03",256.828308,49.52
"118","2015-08-04",262.100708,49.99
"119","2015-08-05",258.536163,49.59
"120","2015-08-06",255.083786,49.52
"121","2015-08-07",254.840027,48.61
"122","2015-08-10",240.143463,50.41
"123","2015-08-11",244.892654,49.18
"124","2015-08-12",238.816574,49.66
"125","2015-08-13",236.694443,49.22
"126","2015-08-14",239.2005,49.19
"127","2015-08-17",232.977524,48.74
"128","2015-08-18",191.402786,48.81
"129","2015-08-19",203.925873,47.16
"130","2015-08-20",209.516602,46.62
"131","2015-08-21",204.151154,45.46
"132","2015-08-24",181.774612,42.69
"133","2015-08-25",191.836044,43.21
"134","2015-08-26",199.215775,43.14
"135","2015-08-27",199.972412,47.56
"136","2015-08-28",207.010193,50.05
"137","2015-08-31",204.967926,54.15
"138","2015-09-01",201.966354,49.56
"139","2015-09-02",204.516983,50.5
"140","2015-09-03",204.264526,50.68
"141","2015-09-04",206.489731,49.61
"142","2015-09-08",217.409195,49.52
"143","2015-09-09",212.346649,47.58
"144","2015-09-10",211.378311,48.89
"145","2015-09-11",211.80928,48.14
"146","2015-09-14",203.983368,46.37
"147","2015-09-15",204.38765,47.75
"148","2015-09-16",202.950928,49.75
"149","2015-09-17",201.570038,49.08
"150","2015-09-18",206.008499,47.47
"151","2015-09-21",202.990082,48.92
"152","2015-09-22",207.427597,49.08
"153","2015-09-23",205.885559,47.75
"154","2015-09-24",209.794266,48.17
"155","2015-09-25",210.175186,48.6
"156","2015-09-28",213.006149,47.34
"157","2015-09-29",210.369736,48.23
"158","2015-09-30",211.352844,48.37
"159","2015-10-01",212.286865,47.69
"160","2015-10-02",211.717529,48.13
"161","2015-10-05",214.723526,49.25
"162","2015-10-06",218.392654,51.92
"163","2015-10-07",216.241547,51.33
"164","2015-10-08",214.751404,53.05
"165","2015-10-09",214.784714,52.65
"166","2015-10-12",216.111359,49.86
"167","2015-10-13",219.193527,49.24
"168","2015-10-14",219.655685,49.15
"169","2015-10-15",223.77475,49.73
"170","2015-10-16",231.704712,50.46
"171","2015-10-19",232.594925,48.61
"172","2015-10-20",237.370514,48.71
"173","2015-10-21",234.72496,47.85
"174","2015-10-22",247.313187,48.08
"175","2015-10-23",250.972137,47.99
"176","2015-10-26",258.026581,47.54
"177","2015-10-27",266.329437,46.81
"178","2015-10-28",278.903137,49.05
"179","2015-10-29",285.660339,48.8
"180","2015-10-30",298.032898,49.56
"181","2015-11-02",327.966034,48.79
"182","2015-11-03",368.081207,50.54
"183","2015-11-04",378.936554,48.58
"184","2015-11-05",355.072144,47.98
"185","2015-11-06",348.603607,47.42
"186","2015-11-09",353.431549,47.19
"187","2015-11-10",313.787018,47.44
"188","2015-11-11",289.084686,45.81
"189","2015-11-12",312.958832,44.06
"190","2015-11-13",312.67688,44.47
"191","2015-11-16",309.547028,44.56
"192","2015-11-17",314.937958,43.57
"193","2015-11-18",313.550751,44.14
"194","2015-11-19",304.129974,44.18
"195","2015-11-20",302.538513,44.66
"196","2015-11-23",303.757385,44.83
"197","2015-11-24",300.738586,46.12
"198","2015-11-25",308.987,46.17
"199","2015-11-27",338.126343,44.86
"200","2015-11-30",357.041077,44.61
"201","2015-12-01",341.197296,44.44
"202","2015-12-02",338.600128,42.49
"203","2015-12-03",330.749359,43.84
"204","2015-12-04",333.654572,43
"205","2015-12-07",365.188812,40.73
"206","2015-12-08",381.530457,40.26
"207","2015-12-09",379.154633,40.11
"208","2015-12-10",379.606232,39.73
"209","2015-12-11",411.526123,37.93
"210","2015-12-14",404.206024,37.92
"211","2015-12-15",425.61145,38.73
"212","2015-12-16",418.407043,37.39
"213","2015-12-17",420.736176,37.06
"214","2015-12-18",426.784485,36.88
"215","2015-12-21",402.015411,36.35
"216","2015-12-22",398.841583,36.11
"217","2015-12-23",405.64917,37.36
"218","2015-12-24",414.905151,37.89
"219","2015-12-28",384.834595,36.62
"220","2015-12-29",396.395691,37.79
"221","2015-12-30",390.213104,36.46
"222","2015-12-31",396.616608,37.28
"223","2016-01-04",400.194977,37.22
"224","2016-01-05",401.89801,36.42
"225","2016-01-06",398.278259,34.23
"226","2016-01-07",419.381073,33.75
"227","2016-01-08",414.70401,33.55
"228","2016-01-11",413.10733,31.55
"229","2016-01-12",401.890961,30.86
"230","2016-01-13",397.217285,30.31
"231","2016-01-14",396.41272,31.03
"232","2016-01-15",333.942261,28.94
"233","2016-01-19",348.504761,28.76
"234","2016-01-20",386.489471,27.88
"235","2016-01-21",377.947479,29.25
"236","2016-01-22",354.454651,32.18
"237","2016-01-25",361.037811,30.5
"238","2016-01-26",361.098541,31.8
"239","2016-01-27",362.326385,33.1
"240","2016-01-28",347.804108,33.89
"241","2016-01-29",350.359161,34.74
"242","2016-02-01",342.410278,34.24
"243","2016-02-02",343.026733,32.72
"244","2016-02-03",333.557831,35.04
"245","2016-02-04",347.944977,34.46
"246","2016-02-05",346.401123,34.06
"247","2016-02-08",333.822296,32.88
"248","2016-02-09",333.181824,30.32
"249","2016-02-10",338.281311,30.84
"250","2016-02-11",335.620575,30.06
"251","2016-02-12",341.536743,33.36
"252","2016-02-16",365.75531,32.18
"253","2016-02-17",374.457642,34.5
"254","2016-02-18",380.413391,34.28
"255","2016-02-19",378.131744,33.01
"256","2016-02-22",397.086334,34.69
"257","2016-02-23",381.758453,33.27
"258","2016-02-24",385.901733,34.41
"259","2016-02-25",385.213684,35.29
"260","2016-02-26",395.273041,35.1
"261","2016-02-29",402.184143,35.97
"262","2016-03-01",400.076294,36.81
"263","2016-03-02",390.161957,36.93
"264","2016-03-03",385.245331,37.07
"265","2016-03-04",373.445099,38.72
"266","2016-03-07",376.313354,40.84
"267","2016-03-08",376.406616,39.65
"268","2016-03-09",377.763611,41.07
"269","2016-03-10",373.271606,40.05
"270","2016-03-11",378.163391,40.39
"271","2016-03-14",375.236969,39.53
"272","2016-03-15",375.353424,38.74
"273","2016-03-16",371.833252,41.54
"274","2016-03-17",371.83609,41.54
"275","2016-03-18",363.525665,41.2
"276","2016-03-21",367.907257,41.54
"277","2016-03-22",372.66156,41.79
"278","2016-03-23",374.052429,40.47
"279","2016-03-24",373.079498,40.44
"280","2016-03-28",378.912994,40.27
"281","2016-03-29",368.957397,39.14
"282","2016-03-30",366.154114,39.26
"283","2016-03-31",366.290771,40.33
"284","2016-04-01",367.05014,38.67
"285","2016-04-04",370.207306,37.69
"286","2016-04-05",372.675323,37.87
"287","2016-04-06",371.512665,39.84
"288","2016-04-07",371.970947,39.43
"289","2016-04-08",368.791901,41.94
"290","2016-04-11",370.404175,42.83
"291","2016-04-12",373.563538,44.69
"292","2016-04-13",375.850647,44.18
"293","2016-04-14",376.704254,43.84
"294","2016-04-15",380.951263,43.1
"295","2016-04-18",379.049255,42.91
"296","2016-04-19",383.43811,44.03
"297","2016-04-20",390.609741,45.8
"298","2016-04-21",398.179321,44.53
"299","2016-04-22",397.093109,45.11
"300","2016-04-25",409.646667,44.48
"301","2016-04-26",412.687256,45.74
"302","2016-04-27",392.624939,47.18
"303","2016-04-28",395.465027,48.14
"304","2016-04-29",397.291138,48.13
"305","2016-05-02",385.963898,45.83
"306","2016-05-03",391.602722,44.97
"307","2016-05-04",388.825806,44.62
"308","2016-05-05",393.030365,45.01
"309","2016-05-06",403.054443,45.37
"310","2016-05-09",404.606812,43.63
"311","2016-05-10",396.495758,45.52
"312","2016-05-11",396.364899,47.6
"313","2016-05-12",399.89975,48.08
"314","2016-05-13",402.855652,47.83
"315","2016-05-16",401.416809,48.97
"316","2016-05-17",401.116394,49.28
"317","2016-05-18",405.33078,48.93
"318","2016-05-19",391.674835,48.81
"319","2016-05-20",394.401276,48.72
"320","2016-05-23",396.177856,48.35
"321","2016-05-24",400.521759,48.61
"322","2016-05-25",403.19165,49.74
"323","2016-05-26",405.13269,49.59
"324","2016-05-27",426.045166,49.32
"325","2016-05-31",477.349976,49.89
"326","2016-06-01",480.078674,49.72
"327","2016-06-02",482.486084,50.04
"328","2016-06-03",500.610352,49.64
"329","2016-06-06",515.4375,50.55
"330","2016-06-07",507.880737,51.44
"331","2016-06-08",510.170166,52.51
"332","2016-06-09",508.207306,51.95
"333","2016-06-10",513.397888,50.54
"334","2016-06-13",624.170105,50.35
"335","2016-06-14",611.614807,49.83
"336","2016-06-15",616.757568,48.97
"337","2016-06-16",680.31604,47.19
"338","2016-06-17",663.985291,49.17
"339","2016-06-20",651.317261,50.65
"340","2016-06-21",592.73761,50.62
"341","2016-06-22",526.418274,49.88
"342","2016-06-23",550.729919,50.91
"343","2016-06-24",599.638611,48.41
"344","2016-06-27",595.05542,47.16
"345","2016-06-28",584.305054,48.58
"346","2016-06-29",575.440674,50.61
"347","2016-06-30",606.555237,49.71
"348","2016-07-01",607.197021,50.35
"349","2016-07-05",606.243896,47.96
"350","2016-07-06",610.373047,48.8
"351","2016-07-07",579.117615,46.4
"352","2016-07-08",603.133667,46.76
"353","2016-07-11",585.851624,46.25
"354","2016-07-12",600.968567,48.47
"355","2016-07-13",589.98291,47.37
"356","2016-07-14",592.649475,47.61
"357","2016-07-15",601.264648,46.96
"358","2016-07-18",608.264954,46.66
"359","2016-07-19",611.027954,47.17
"360","2016-07-20",604.289185,46.2
"361","2016-07-21",602.966736,45.69
"362","2016-07-22",592.927185,44.72
"363","2016-07-25",595.337219,44.87
"364","2016-07-26",593.340027,43.47
"365","2016-07-27",591.370972,42.7
"366","2016-07-28",591.186829,42.46
"367","2016-07-29",587.596802,42.14
"368","2016-08-01",543.011169,41.8
"369","2016-08-02",488.110748,43.1
"370","2016-08-03",508.0784,44.29
"371","2016-08-04",519.483459,44.27
"372","2016-08-05",518.710999,45.39
"373","2016-08-08",533.249756,44.98
"374","2016-08-09",528.788269,44.05
"375","2016-08-10",529.467102,46.04
"376","2016-08-11",529.02301,46.97
"377","2016-08-12",526.203674,48.35
"378","2016-08-15",507.3703,49.23
"379","2016-08-16",512.186462,49.85
"380","2016-08-17",507.405518,50.89
"381","2016-08-18",506.274689,50.88
"382","2016-08-19",508.237701,49.16
"383","2016-08-22",518.562073,49.96
"384","2016-08-23",516.250732,49.05
"385","2016-08-24",515.305115,49.67
"386","2016-08-25",512.017883,49.92
"387","2016-08-26",517.730469,49.26
"388","2016-08-29",513.145325,48.37
"389","2016-08-30",518.032837,46.89
"390","2016-08-31",515.933289,45.45
"391","2016-09-01",511.213013,46.83
"392","2016-09-02",516.037842,47.26
"393","2016-09-06",542.851013,47.98
"394","2016-09-07",546.893311,47.98
"395","2016-09-08",555.835999,49.99
"396","2016-09-09",554.837891,48.01
"397","2016-09-12",541.189575,48.32
"398","2016-09-13",543.140808,47.1
"399","2016-09-14",543.264832,45.85
"400","2016-09-15",539.93335,46.59
"401","2016-09-16",544.126404,45.77
"402","2016-09-19",545.120789,45.95
"403","2016-09-20",545.620239,45.88
"404","2016-09-21",533.78833,46.83
"405","2016-09-22",532.076355,47.65
"406","2016-09-23",537.292297,45.89
"407","2016-09-26",540.578796,47.35
"408","2016-09-27",540.495789,45.97
"409","2016-09-28",538.829224,48.69
"410","2016-09-29",539.977722,49.24
"411","2016-09-30",542.324097,50.19
"412","2016-10-03",546.205933,50.89
"413","2016-10-04",544.387512,50.87
"414","2016-10-05",546.738342,51.86
"415","2016-10-06",550.288147,52.51
"416","2016-10-07",550.95166,51.93
"417","2016-10-10",555.649902,53.14
"418","2016-10-11",579.893311,52.41
"419","2016-10-12",577.831055,51.81
"420","2016-10-13",576.485596,52.03
"421","2016-10-14",583.913574,51.95
"422","2016-10-17",580.609497,51.52
"423","2016-10-18",581.496704,51.68
"424","2016-10-19",574.662781,52.67
"425","2016-10-20",577.337769,51.38
"426","2016-10-21",581.536499,51.78
"427","2016-10-24",601.380737,51.46
"428","2016-10-25",604.067627,50.79
"429","2016-10-26",621.897888,49.98
"430","2016-10-27",631.653625,50.47
"431","2016-10-28",628.040222,49.71
"432","2016-10-31",639.106506,48.3
"433","2016-11-01",660.147461,48.14
"434","2016-11-02",667.894836,46.86
"435","2016-11-03",620.674133,46.35
"436","2016-11-04",630.987,45.58
"437","2016-11-07",636.375244,46.15
"438","2016-11-08",644.320618,46.04
"439","2016-11-09",662.39856,46.36
"440","2016-11-10",657.297424,45.84
"441","2016-11-11",660.286621,44.75
"442","2016-11-14",656.260803,44.43
"443","2016-11-15",663.576111,46.95
"444","2016-11-16",695.187317,46.63
"445","2016-11-17",697.587097,46.49
"446","2016-11-18",710.047241,46.86
"447","2016-11-21",695.108582,48.9
"448","2016-11-22",706.750977,49.12
"449","2016-11-23",706.445923,48.95
"450","2016-11-25",700.329529,47.24
"451","2016-11-28",693.117004,48.24
"452","2016-11-29",691.03241,46.38
"453","2016-11-30",704.279358,50.47
"454","2016-12-01",709.786133,53.94
"455","2016-12-02",729.162964,54.46
"456","2016-12-05",705.373779,54.94
"457","2016-12-06",713.028564,53.93
"458","2016-12-07",714.010071,53
"459","2016-12-08",726.014893,53.89
"460","2016-12-09",731.951111,54.33
"461","2016-12-12",733.026672,55.69
"462","2016-12-13",734.640991,55.72
"463","2016-12-14",743.559509,53.9
"464","2016-12-15",747.155762,54.02
"465","2016-12-16",751.466736,55.21
"466","2016-12-19",762.07843,54.92
"467","2016-12-20",770.888428,55.35
"468","2016-12-21",800.269531,54.46
"469","2016-12-22",828.262085,55.16
"470","2016-12-23",881.269348,55.16
"471","2016-12-27",892.244019,56.09
"472","2016-12-28",937.124084,56.22
"473","2016-12-29",921.174316,56.14
"474","2016-12-30",914.332703,56.82
"475","2017-01-03",1002.150513,55.47
"476","2017-01-04",1100.266724,56.46
"477","2017-01-05",955.838501,56.89
"478","2017-01-06",857.035217,57.1
"479","2017-01-09",853.092712,54.94
"480","2017-01-10",860.359253,53.64
"481","2017-01-11",734.287231,55.1
"482","2017-01-12",758.204407,56.01
"483","2017-01-13",774.348267,55.45
"484","2017-01-17",848.857483,55.47
"485","2017-01-18",834.228455,53.92
"486","2017-01-19",843.645508,54.16
"487","2017-01-20",836.551086,55.49
"488","2017-01-23",856.197876,55.23
"489","2017-01-24",832.264587,55.44
"490","2017-01-25",838.721741,55.08
"491","2017-01-26",859.002075,56.24
"492","2017-01-27",860.061707,55.52
"493","2017-01-30",859.848694,55.23
"494","2017-01-31",898.521301,55.7
"495","2017-02-01",918.483459,56.8
"496","2017-02-02",940.247192,56.56
"497","2017-02-03",955.301025,56.81
"498","2017-02-06",966.530151,55.72
"499","2017-02-07",994.145752,55.05
"500","2017-02-08",994.545715,55.12
"501","2017-02-09",933.079651,55.63
"502","2017-02-10",929.379578,56.7
"503","2017-02-13",934.744324,55.59
"504","2017-02-14",949.839233,55.97
"505","2017-02-15",950.363159,55.75
"506","2017-02-16",963.014282,55.65
"507","2017-02-17",985.967346,55.81
"508","2017-02-21",1058.059082,56.66
"509","2017-02-22",1059.184814,55.84
"510","2017-02-23",1102.447266,56.58
"511","2017-02-24",1111.544678,55.99
"512","2017-02-27",1114.967407,55.93
"513","2017-02-28",1116.549927,55.59
"514","2017-03-01",1160.527832,56.36
"515","2017-03-02",1190.984375,55.08
"516","2017-03-03",1200.555542,55.9
"517","2017-03-06",1203.394165,56.01
"518","2017-03-07",1157.887817,55.92
"519","2017-03-08",1090.564209,53.11
"520","2017-03-09",1123.442627,52.19
"521","2017-03-10",1046.696045,51.37
"522","2017-03-13",1156.841064,51.35
"523","2017-03-14",1168.70874,50.92
"524","2017-03-15",1164.052124,51.81
"525","2017-03-16",1102.887695,51.74
"526","2017-03-17",1024.327271,51.76
"527","2017-03-20",982.049377,51.62
"528","2017-03-21",1036.385498,50.96
"529","2017-03-22",972.326233,50.64
"530","2017-03-23",963.173462,50.56
"531","2017-03-24",868.315308,50.8
"532","2017-03-27",962.955811,50.75
"533","2017-03-28",968.238586,51.33
"534","2017-03-29",966.694519,52.42
"535","2017-03-30",960.447327,52.96
"536","2017-03-31",1006.470154,53.53
"537","2017-04-03",1072.187866,53.12
"538","2017-04-04",1061.493042,54.17
"539","2017-04-05",1054.151855,54.36
"540","2017-04-06",1111.123657,54.89
"541","2017-04-07",1111.121582,55.24
"542","2017-04-10",1120.568237,55.98
"543","2017-04-11",1135.730469,56.23
"544","2017-04-12",1124.995361,55.86
"545","2017-04-13",1101.743164,55.89
"546","2017-04-17",1121.779663,55.36
"547","2017-04-18",1129.762329,54.89
"548","2017-04-19",1129.634155,52.93
"549","2017-04-20",1147.171875,52.99
"550","2017-04-21",1139.653076,51.96
"551","2017-04-24",1150.83313,51.6
"552","2017-04-25",1158.131226,52.1
"553","2017-04-26",1174.440796,51.82
"554","2017-04-27",1212.820923,51.44
"555","2017-04-28",1208.334106,52.05
"556","2017-05-01",1303.263672,51.52
"557","2017-05-02",1328.717651,50.46
"558","2017-05-03",1368.687378,50.79
"559","2017-05-04",1400.683228,48.38
"560","2017-05-05",1414.817139,49.1
"561","2017-05-08",1577.581421,49.34
"562","2017-05-09",1612.789429,48.73
"563","2017-05-10",1644.547729,50.22
"564","2017-05-11",1701.868896,50.77
"565","2017-05-12",1577.962891,50.84
"566","2017-05-15",1583.269653,51.82
"567","2017-05-16",1563.694458,51.65
"568","2017-05-17",1649.260132,52.21
"569","2017-05-18",1699.955078,52.51
"570","2017-05-19",1774.107422,53.61
"571","2017-05-22",1934.145996,53.87
"572","2017-05-23",2076.438477,54.15
"573","2017-05-24",2176.186523,53.96
"574","2017-05-25",2056.181885,51.46
"575","2017-05-26",1969.611816,52.15
"576","2017-05-30",1947.077759,51.84
"577","2017-05-31",2034.353516,50.31
"578","2017-06-01",2147.591797,50.63
"579","2017-06-02",2206.552734,49.95
"580","2017-06-05",2386.790527,49.47
"581","2017-06-06",2540.775635,50.12
"582","2017-06-07",2427.507813,48.06
"583","2017-06-08",2507.928955,47.86
"584","2017-06-09",2523.061279,48.15
"585","2017-06-12",2375.517822,48.29
"586","2017-06-13",2424.179199,48.72
"587","2017-06-14",2235.834229,47
"588","2017-06-15",2210.980713,46.92
"589","2017-06-16",2249.71875,47.37
"590","2017-06-19",2324.178955,46.91
"591","2017-06-20",2444.355713,46.02
"592","2017-06-21",2408.293213,44.82
"593","2017-06-22",2427.029541,45.22
"594","2017-06-23",2453.002686,45.54
"595","2017-06-26",2216.662109,45.83
"596","2017-06-27",2251.830566,46.65
"597","2017-06-28",2262.954834,47.31
"598","2017-06-29",2219.879395,47.42
"599","2017-06-30",2172.174072,48.77
"600","2017-07-03",2254.713379,49.68
"601","2017-07-05",2293.310303,47.79
"602","2017-07-06",2284.203125,48.11
"603","2017-07-07",2209.35083,46.71
"604","2017-07-10",2082.106201,46.88
"605","2017-07-11",2037.82251,47.52
"606","2017-07-12",2100.928467,47.74
"607","2017-07-13",2068.151855,48.42
"608","2017-07-14",1947.623657,48.91
"609","2017-07-17",1942.307983,48.42
"610","2017-07-18",2008.209839,48.84
"611","2017-07-19",1972.265015,49.7
"612","2017-07-20",2423.116699,49.3
"613","2017-07-21",2288.351318,48.06
"614","2017-07-24",2367.125,48.6
"615","2017-07-25",2212.710449,50.2
"616","2017-07-26",2156.393799,50.97
"617","2017-07-27",2285.917236,51.49
"618","2017-07-28",2391.053711,52.52
"619","2017-07-31",2433.017578,52.65
"620","2017-08-01",2301.659668,51.78
"621","2017-08-02",2287.678223,52.36
"622","2017-08-03",2360.486328,52.01
"623","2017-08-04",2460.190186,52.42
"624","2017-08-07",2863.751221,52.37
"625","2017-08-08",2910.091797,52.14
"626","2017-08-09",2841.753174,52.7
"627","2017-08-10",2872.795166,51.9
"628","2017-08-11",3089.556641,52.1
"629","2017-08-14",3673.458252,50.73
"630","2017-08-15",3562.424561,50.8
"631","2017-08-16",3717.514648,50.27
"632","2017-08-17",3698.505859,51.03
"633","2017-08-18",3537.942383,52.72
"634","2017-08-21",3388.433594,51.66
"635","2017-08-22",3486.83667,51.87
"636","2017-08-23",3513.770752,52.57
"637","2017-08-24",3674.391846,52.04
"638","2017-08-25",3666.219482,52.41
"639","2017-08-28",3663.818848,51.89
"640","2017-08-29",3826.052734,52
"641","2017-08-30",3839.935791,50.86
"642","2017-08-31",3949.773438,52.38
"643","2017-09-01",4125.841309,52.75
"644","2017-09-05",3670.661621,53.38
"645","2017-09-06",3854.704102,54.2
"646","2017-09-07",3824.62793,54.49
"647","2017-09-08",3514.293945,53.78
"648","2017-09-11",3480.486816,53.84
"649","2017-09-12",3451.257568,54.27
"650","2017-09-13",3265.974121,55.16
"651","2017-09-14",2646.77002,55.47
"652","2017-09-15",3046.244141,55.62
"653","2017-09-18",3398.996582,55.48
"654","2017-09-19",3272.990234,55.14
"655","2017-09-20",3289.775146,56.29
"656","2017-09-21",3040.053711,56.43
"657","2017-09-22",3037.734131,56.86
"658","2017-09-25",3311.741943,59.02
"659","2017-09-26",3303.641113,58.44
"660","2017-09-27",3575.342529,57.9
"661","2017-09-28",3544.214355,57.41
"662","2017-09-29",3524.441162,56.79
"663","2017-10-02",3758.69043,56.12
"664","2017-10-03",3675.702393,56
"665","2017-10-04",3597.924072,55.8
"666","2017-10-05",3695.389893,57
"667","2017-10-06",3725.228027,55.62
"668","2017-10-09",4064.75293,55.79
"669","2017-10-10",4048.416992,56.61
"670","2017-10-11",4068.515625,56.94
"671","2017-10-12",4604.708984,56.25
"672","2017-10-13",4776.865234,57.17
"673","2017-10-16",4854.663086,57.82
"674","2017-10-17",4762.540039,57.88
"675","2017-10-18",4740.283203,58.15
"676","2017-10-19",4818.129883,57.23
"677","2017-10-20",5101.799316,57.75
"678","2017-10-23",5045.363281,57.37
"679","2017-10-24",4700.323242,58.33
"680","2017-10-25",4866.13623,58.44
"681","2017-10-26",5074.62207,59.3
"682","2017-10-27",4980.099609,60.44
"683","2017-10-30",5262.708984,60.9
"684","2017-10-31",5551.797852,61.37
"685","2017-11-01",5820.34082,60.49
"686","2017-11-02",6071.796387,60.62
"687","2017-11-03",6209.838867,62.07
"688","2017-11-06",6048.888672,64.27
"689","2017-11-07",6159.479004,63.69
"690","2017-11-08",6434.650391,63.49
"691","2017-11-09",6133.93457,63.93
"692","2017-11-10",5674.475098,63.52
"693","2017-11-13",5624.187988,63.16
"694","2017-11-14",5628.76416,62.21
"695","2017-11-15",6209.081543,61.87
"696","2017-11-16",6683.384277,61.36
"697","2017-11-17",6536.92041,62.72
"698","2017-11-20",6987.593262,62.22
"699","2017-11-21",6875.008301,62.57
"700","2017-11-22",6986.245117,63.32
"701","2017-11-24",6918.433105,63.86
"702","2017-11-27",8247.941406,63.84
"703","2017-11-28",8489.871094,63.61
"704","2017-11-29",8343.411133,63.11
"705","2017-11-30",8601.109375,63.57
"706","2017-12-01",9231.726563,63.73
"707","2017-12-04",9823.207031,62.45
"708","2017-12-05",10073.288086,62.86
"709","2017-12-06",12107.336914,61.22
"710","2017-12-07",15205.317383,62.2
"711","2017-12-08",14084.834961,63.4
"712","2017-12-11",14383.695313,64.69
"713","2017-12-12",14832.978516,63.34
"714","2017-12-13",13862.959961,62.44
"715","2017-12-14",14068.286133,63.31
"716","2017-12-15",15067.137695,63.23
"717","2017-12-18",16221.844727,63.41
"718","2017-12-19",15019.177734,63.8
"719","2017-12-20",13997.305664,64.56
"720","2017-12-21",13333.530273,64.9
"721","2017-12-22",11665.513672,65.25
"722","2017-12-26",13579.453125,67.02
"723","2017-12-27",13310.782227,66.44
"724","2017-12-28",12234.274414,66.72
"725","2017-12-29",12217.572266,66.87
"726","2018-01-02",12421.938477,66.57
"727","2018-01-03",12656.952148,67.84
"728","2018-01-04",12928.228516,68.07
"729","2018-01-05",14490.771484,67.62
"730","2018-01-08",12674.492188,67.78
"731","2018-01-09",12237.277344,68.82
"732","2018-01-10",12524.717773,69.2
"733","2018-01-11",11133.460938,69.26
"734","2018-01-12",11465.146484,69.87
"735","2018-01-16",9364.710938,69.15
"736","2018-01-17",9186.796875,69.38
"737","2018-01-18",9380.283203,69.31
"738","2018-01-19",9498.691406,68.61
"739","2018-01-22",8919.223633,69.03
"740","2018-01-23",8831.072266,69.96
"741","2018-01-24",9167.460938,70.53
"742","2018-01-25",9086.756836,70.42
"743","2018-01-26",8995.410156,70.52
"744","2018-01-29",9124.717773,69.46
"745","2018-01-30",8144.986816,69.02
"746","2018-01-31",8232.200195,69.05
"747","2018-02-01",7331.153809,69.65
"748","2018-02-02",7087.279297,68.58
"749","2018-02-05",5624.96582,67.62
"750","2018-02-06",6263.833984,66.86
"751","2018-02-07",6211.834473,65.51
"752","2018-02-08",6741.916504,64.81
"753","2018-02-09",7142.140625,62.79
"754","2018-02-12",7257.964355,62.59
"755","2018-02-13",6961.630371,62.72
"756","2018-02-14",7615.80957,64.36
"757","2018-02-15",8132.469727,64.33
"758","2018-02-16",8249.819336,64.84
"759","2018-02-20",9245.743164,65.25
"760","2018-02-21",8706.24707,65.42
"761","2018-02-22",8117.646973,66.39
"762","2018-02-23",8379.646484,67.31
"763","2018-02-26",8419.313477,67.5
"764","2018-02-27",8772.779297,66.63
"765","2018-02-28",8529.861328,65.78
"766","2018-03-01",8924.292969,63.83
"767","2018-03-02",9000.893555,64.37
"768","2018-03-05",9381.728516,65.54
"769","2018-03-06",8682.964844,65.79
"770","2018-03-07",8029.626953,64.34
"771","2018-03-08",7635.115723,63.61
"772","2018-03-09",7588.418945,65.49
"773","2018-03-12",7460.788086,64.95
"774","2018-03-13",7419.389648,64.64
"775","2018-03-14",6683.214355,64.89
"776","2018-03-15",6745.376465,65.12
"777","2018-03-16",6786.318359,66.21
"778","2018-03-19",6996.312012,66.05
"779","2018-03-20",7278.083984,67.42
"780","2018-03-21",7233.114746,69.47
"781","2018-03-22",7083.072266,68.91
"782","2018-03-23",7189.393555,70.45
"783","2018-03-26",6590.719727,70.12
"784","2018-03-27",6313.403809,70.11
"785","2018-03-28",6461.27832,69.53
"786","2018-03-29",5824.825195,69.34
"787","2018-04-02",5762.466309,67.64
"788","2018-04-03",6073.234375,68.12
"789","2018-04-04",5578.577148,68.02
"790","2018-04-05",5561.291992,68.33
"791","2018-04-06",5403.729004,67.11
"792","2018-04-09",5496.614746,68.65
"793","2018-04-10",5529.293457,71.04
"794","2018-04-11",5633.241699,72.06
"795","2018-04-12",6398.9375,72.02
"796","2018-04-13",6404.379883,72.58
"797","2018-04-16",6507.849609,71.42
"798","2018-04-17",6387.591797,71.58
"799","2018-04-18",6595.637207,73.48
"800","2018-04-19",6720.937988,73.78
"801","2018-04-20",7199.926758,74.06
"802","2018-04-23",7315.596191,74.71
"803","2018-04-24",7925.384277,73.86
"804","2018-04-25",7269.077148,74
"805","2018-04-26",7665.601074,74.74
"806","2018-04-27",7410.166504,74.64
"807","2018-04-30",7650.095215,75.17
"808","2018-05-01",7605.512695,73.13
"809","2018-05-02",7728.803223,73.36
"810","2018-05-03",8128.011719,73.62
"811","2018-05-04",8112.359863,74.87
"812","2018-05-07",7854.696777,76.17
"813","2018-05-08",7781.933594,74.85
"814","2018-05-09",7872.007324,77.21
"815","2018-05-10",7592.293945,77.47
"816","2018-05-11",7068.740723,77.12
"817","2018-05-14",7306.61377,78.23
"818","2018-05-15",7201.20166,78.43
"819","2018-05-16",7085.023926,79.28
"820","2018-05-17",6865.993652,79.3
"821","2018-05-18",7007.192871,78.51
"822","2018-05-21",7142.606445,79.22
"823","2018-05-22",6824.320801,79.57
"824","2018-05-23",6454.709961,79.8
"825","2018-05-24",6473.287109,78.79
"826","2018-05-25",6420.721191,76.44
"827","2018-05-29",6477.626465,75.39
"828","2018-05-30",6350.986328,77.5
"829","2018-05-31",6411.30127,77.56
"830","2018-06-01",6467.795898,76.79
"831","2018-06-04",6423.722168,75.29
"832","2018-06-05",6510.114258,75.38
"833","2018-06-06",6497.987793,75.36
"834","2018-06-07",6511.950195,77.32
"835","2018-06-08",6480.469238,76.46
"836","2018-06-11",5867.742676,76.46
"837","2018-06-12",5603.438965,75.88
"838","2018-06-13",5380.359375,76.74
"839","2018-06-14",5773.525391,75.94
"840","2018-06-15",5562.660645,73.44
"841","2018-06-18",5791.400879,75.34
"842","2018-06-19",5842.703125,75.08
"843","2018-06-20",5853.459473,74.74
"844","2018-06-21",5800,73.05
"845","2018-06-22",5219.811035,75.55
"846","2018-06-25",5341.63623,74.73
"847","2018-06-26",5231.516113,76.31
"848","2018-06-27",5325.31543,77.62
"849","2018-06-28",5105.457031,77.85
"850","2018-06-29",5322.519531,79.23
"851","2018-07-02",5682.285156,77.3
"852","2018-07-03",5600.47168,77.76
"853","2018-07-05",5678.847168,77.39
"854","2018-07-06",5681.992188,77.11
"855","2018-07-09",5734.730957,78.07
"856","2018-07-10",5397.757324,78.86
"857","2018-07-11",5477.736816,73.4
"858","2018-07-12",5341.116699,74.45
"859","2018-07-13",5338.510742,75.33
"860","2018-07-16",5758.733887,71.84
"861","2018-07-17",6283.075684,72.16
"862","2018-07-18",6330.65332,72.9
"863","2018-07-19",6407.12207,72.58
"864","2018-07-20",6275.925781,73.07
"865","2018-07-23",6595.20166,73.06
"866","2018-07-24",7210.70752,73.44
"867","2018-07-25",6970.597168,73.93
"868","2018-07-26",6828.907715,74.54
"869","2018-07-27",7004.984375,74.29
"870","2018-07-30",6989.473633,74.97
"871","2018-07-31",6657.345703,74.25
"872","2018-08-01",6538.252441,72.39
"873","2018-08-02",6531.851563,73.45
"874","2018-08-03",6427.241211,73.21
"875","2018-08-06",6014.708496,73.75
"876","2018-08-07",5821.15332,74.65
"877","2018-08-08",5432.755859,72.28
"878","2018-08-09",5699.609375,72.07
"879","2018-08-10",5420.429688,72.81
"880","2018-08-13",5524.668945,72.61
"881","2018-08-14",5464.225098,72.46
"882","2018-08-15",5562.578125,70.76
"883","2018-08-16",5571.442383,71.43
"884","2018-08-17",5753.807617,71.83
"885","2018-08-20",5489.974609,72.21
"886","2018-08-21",5606.809082,72.63
"887","2018-08-22",5504.756348,74.78
"888","2018-08-23",5662.807617,74.73
"889","2018-08-24",5782.600586,75.82
"890","2018-08-27",5893.374512,76.21
"891","2018-08-28",6068.827637,75.95
"892","2018-08-29",6019.098145,77.14
"893","2018-08-30",5983.220215,77.77
"894","2018-08-31",6067.402344,77.64
"895","2018-09-04",6354.475586,78.17
"896","2018-09-05",5839.276367,77.27
"897","2018-09-06",5619.390625,76.5
"898","2018-09-07",5598.709961,76.83
"899","2018-09-10",5460.403809,77.37
"900","2018-09-11",5452.600586,79.06
"901","2018-09-12",5464.854004,79.74
"902","2018-09-13",5575.592285,78.18
"903","2018-09-14",5600.885742,78.09
"904","2018-09-17",5383.270508,78.05
"905","2018-09-18",5456.281738,79.03
"906","2018-09-19",5481.957031,79.4
"907","2018-09-20",5536.327637,78.7
"908","2018-09-21",5728.074707,78.8
"909","2018-09-24",5611.994629,81.2
"910","2018-09-25",5479.009766,81.87
"911","2018-09-26",5527.28418,81.34
"912","2018-09-27",5738.586426,81.72
"913","2018-09-28",5721.924805,82.73
"914","2018-10-01",5691.256836,84.98
"915","2018-10-02",5674.999512,84.8
"916","2018-10-03",5666.682129,86.29
"917","2018-10-04",5711.329102,84.58
"918","2018-10-05",5745.001465,84.16
"919","2018-10-08",5788.325195,83.91
"920","2018-10-09",5772.57373,85
"921","2018-10-10",5710.787109,83.09
"922","2018-10-11",5397.446289,80.26
"923","2018-10-12",5425.629395,80.43
"924","2018-10-15",5694.496094,80.78
"925","2018-10-16",5699.349121,81.41
"926","2018-10-17",5691.618652,80.05
"927","2018-10-18",5654.044922,79.29
"928","2018-10-19",5608.355469,79.78
"929","2018-10-22",5653.897461,79.83
"930","2018-10-23",5644.216309,76.44
"931","2018-10-24",5700.39209,76.17
"932","2018-10-25",5692.963379,76.89
"933","2018-10-26",5673.823242,77.62
"934","2018-10-29",5566.755371,77.34
"935","2018-10-30",5583.557617,75.91
"936","2018-10-31",5583.194336,75.47
"937","2018-11-01",5592.873047,72.89
"938","2018-11-02",5610.328125,72.83
"939","2018-11-05",5626.594238,73.17
"940","2018-11-06",5651.393555,72.13
"941","2018-11-07",5710.907715,72.07
"942","2018-11-08",5676.859863,70.65
"943","2018-11-09",5632.302246,70.18
"944","2018-11-12",5675.686523,70.12
"945","2018-11-13",5621.903809,65.47
"946","2018-11-14",5072.282715,66.12
"947","2018-11-15",4987.667969,66.62
"948","2018-11-16",4882.035156,66.76
"949","2018-11-19",4253.27832,66.79
"950","2018-11-20",3914.934326,62.53
"951","2018-11-21",4041.602783,63.48
"952","2018-11-23",3833.607666,58.8
"953","2018-11-26",3334.840332,60.48
"954","2018-11-27",3381.917969,60.21
"955","2018-11-28",3744.877686,58.76
"956","2018-11-29",3756.497803,59.51
"957","2018-11-30",3549.296875,59.46
"958","2018-12-03",3429.272949,61.69
"959","2018-12-04",3488.168213,62.08
"960","2018-12-05",3308.425781,61.56
"961","2018-12-06",3095.351318,60.06
"962","2018-12-07",3004.021484,61.67
"963","2018-12-10",3084.092041,59.97
"964","2018-12-11",3024.589355,60.2
"965","2018-12-12",3065.845215,60.15
"966","2018-12-13",2916.662354,61.45
"967","2018-12-14",2867.300049,60.28
"968","2018-12-17",3124.268555,59.61
"969","2018-12-18",3249.050293,56.26
"970","2018-12-19",3289.634033,57.24
"971","2018-12-20",3608.391357,54.35
"972","2018-12-21",3426.889404,53.82
"973","2018-12-24",3576.951904,50.47
"974","2018-12-26",3395.228027,54.47
"975","2018-12-27",3197.248291,52.16
"976","2018-12-28",3429.697021,53.21
"977","2018-12-31",3256.927734,53.8
"978","2019-01-02",3483.446045,54.91
"979","2019-01-03",3368.355713,55.95
"980","2019-01-04",3385.297607,57.06
"981","2019-01-07",3506.494385,57.33
"982","2019-01-08",3518.60791,58.72
"983","2019-01-09",3492.605469,61.44
"984","2019-01-10",3197.257813,61.68
"985","2019-01-11",3215.769775,60.48
"986","2019-01-14",3230.380371,58.99
"987","2019-01-15",3180.917969,60.64
"988","2019-01-16",3206.829834,61.32
"989","2019-01-17",3228.888916,61.18
"990","2019-01-18",3217.80127,62.7
"991","2019-01-22",3172.096191,61.5
"992","2019-01-23",3148.845947,61.14
"993","2019-01-24",3183.176025,61.09
"994","2019-01-25",3156.998291,61.64
"995","2019-01-28",3036.359619,59.93
"996","2019-01-29",3015.454102,61.32
"997","2019-01-30",3035.265137,61.65
"998","2019-01-31",3020.30249,61.89
"999","2019-02-01",3044.247314,62.75
"1000","2019-02-04",3024.73291,62.51
"1001","2019-02-05",3038.158203,61.98
"1002","2019-02-06",3003.624023,62.69
"1003","2019-02-07",2998.157227,61.63
"1004","2019-02-08",3237.059326,62.1
"1005","2019-02-11",3234.709473,61.51
"1006","2019-02-12",3223.957764,62.42
"1007","2019-02-13",3224.065674,63.61
"1008","2019-02-14",3202.042725,64.57
"1009","2019-02-15",3205.250244,66.25
"1010","2019-02-19",3480.855713,66.45
"1011","2019-02-20",3525.297852,67.08
"1012","2019-02-21",3486.701904,67.07
"1013","2019-02-22",3532.994629,67.12
"1014","2019-02-25",3416.384521,64.76
"1015","2019-02-26",3382.942871,65.21
"1016","2019-02-27",3384.327393,66.39
"1017","2019-02-28",3389.312256,66.03
"1018","2019-03-01",3394.986328,65.07
"1019","2019-03-04",3317.817383,65.67
"1020","2019-03-05",3445.985352,65.86
"1021","2019-03-06",3450.862793,65.99
"1022","2019-03-07",3493.002441,66.3
"1023","2019-03-08",3472.416748,65.74
"1024","2019-03-11",3468.384766,66.58
"1025","2019-03-12",3463.68042,66.67
"1026","2019-03-13",3447.834229,67.55
"1027","2019-03-14",3470.221436,67.23
"1028","2019-03-15",3494.711914,67.16
"1029","2019-03-18",3557.131104,67.54
"1030","2019-03-19",3585.598877,67.61
"1031","2019-03-20",3576.835938,68.5
"1032","2019-03-21",3542.431152,67.86
"1033","2019-03-22",3558.986572,67.03
"1034","2019-03-25",3502.470703,67.21
"1035","2019-03-26",3534.563477,67.97
"1036","2019-03-27",3631.979492,67.83
"1037","2019-03-28",3623.731201,67.82
"1038","2019-03-29",3652.061523,67.58
"1039","2019-04-01",3710.858154,69.01
"1040","2019-04-02",4354.895508,69.37
"1041","2019-04-03",4422.508301,69.31
"1042","2019-04-04",4386.38623,69.4
"1043","2019-04-05",4488.186523,70.34
"1044","2019-04-08",4699.305664,71.1
"1045","2019-04-09",4619.98877,70.61
"1046","2019-04-10",4722.057617,71.73
"1047","2019-04-11",4497.265137,70.83
"1048","2019-04-12",4500.679199,71.55
"1049","2019-04-15",4482.450195,71.18
"1050","2019-04-16",4639.527832,71.72
"1051","2019-04-17",4649.068359,71.62
"1052","2019-04-18",4715.563477,71.97
"1053","2019-04-22",4795.597656,74.04
"1054","2019-04-23",4964.707031,74.51
"1055","2019-04-24",4899.657227,74.57
"1056","2019-04-25",4678.542969,74.35
"1057","2019-04-26",4732.407715,72.15
"1058","2019-04-29",4690.791992,72.04
"1059","2019-04-30",4771.259277,72.8
"1060","2019-05-01",4823.619629,72.18
"1061","2019-05-02",4927.245605,70.75
"1062","2019-05-03",5147.044434,70.85
"1063","2019-05-06",5130.174805,71.24
"1064","2019-05-07",5209.499023,69.88
"1065","2019-05-08",5342.549805,70.37
"1066","2019-05-09",5503.882324,70.39
"1067","2019-05-10",5678.451172,70.62
"1068","2019-05-13",6958.033203,70.23
"1069","2019-05-14",7134.912598,71.24
"1070","2019-05-15",7321.372559,71.77
"1071","2019-05-16",7057.222656,72.62
"1072","2019-05-17",6578.515137,72.21
"1073","2019-05-20",7142.94043,71.97
"1074","2019-05-21",7131.446777,72.18
"1075","2019-05-22",6884.596191,70.99
"1076","2019-05-23",7047.166992,67.76
"1077","2019-05-24",7128.090332,68.69
"1078","2019-05-28",7808.071777,70.11
"1079","2019-05-29",7775.354004,69.45
"1080","2019-05-30",7473.814453,66.87
"1081","2019-05-31",7660.288086,61.99
"1082","2019-06-03",7299.265625,61.28
"1083","2019-06-04",6849.163574,61.97
"1084","2019-06-05",6968.260742,60.63
"1085","2019-06-06",6936.570313,61.67
"1086","2019-06-07",7095.006348,63.29
"1087","2019-06-10",7068.955566,62.29
"1088","2019-06-11",6997.714355,62.29
"1089","2019-06-12",7211.592773,59.97
"1090","2019-06-13",7296.713867,61.31
"1091","2019-06-14",7741.944824,62.01
"1092","2019-06-17",8302.839844,60.94
"1093","2019-06-18",8109.805176,62.14
"1094","2019-06-19",8253.925781,61.82
"1095","2019-06-20",8435.329102,64.45
"1096","2019-06-21",8909.28418,65.2
"1097","2019-06-24",9659.918945,64.86
"1098","2019-06-25",10372.481445,65.05
"1099","2019-06-26",11443.038086,66.49
"1100","2019-06-27",9833.768555,66.55
"1101","2019-06-28",10903.563477,64.74
"1102","2019-07-01",9376.392578,65.06
"1103","2019-07-02",9566.484375,62.4
"1104","2019-07-03",10597.433594,63.82
"1105","2019-07-05",9772.969727,64.23
"1106","2019-07-08",10953.472656,64.11
"1107","2019-07-09",11221.008789,64.16
"1108","2019-07-10",10797.560547,67.01
"1109","2019-07-11",10096.293945,66.52
"1110","2019-07-12",10473.773438,66.72
"1111","2019-07-15",9674.610352,66.48
"1112","2019-07-16",8452.749023,64.35
"1113","2019-07-17",8633.601563,63.66
"1114","2019-07-18",9472.157227,61.93
"1115","2019-07-19",9378.670898,62.47
"1116","2019-07-22",9229.929688,63.26
"1117","2019-07-23",8877.623047,63.83
"1118","2019-07-24",8806.174805,63.18
"1119","2019-07-25",8892.676758,63.39
"1120","2019-07-26",8863.532227,63.46
"1121","2019-07-29",8542.986328,63.71
"1122","2019-07-30",8610.65332,64.72
"1123","2019-07-31",9109.954102,65.17
"1124","2019-08-01",9386.741211,60.5
"1125","2019-08-02",9454.787109,61.89
"1126","2019-08-05",10500.03125,59.81
"1127","2019-08-06",10243.875977,58.94
"1128","2019-08-07",10658.732422,56.23
"1129","2019-08-08",10697.322266,57.38
"1130","2019-08-09",10516.327148,58.53
"1131","2019-08-12",10148.331055,58.57
"1132","2019-08-13",9749.75293,61.3
"1133","2019-08-14",9021.052734,59.48
"1134","2019-08-15",9280.875977,58.23
"1135","2019-08-16",9350.391602,58.64
"1136","2019-08-19",9849.555664,59.74
"1137","2019-08-20",9699.050781,60.03
"1138","2019-08-21",9140.374023,60.3
"1139","2019-08-22",9139.012695,59.92
"1140","2019-08-23",9271.415039,59.34
"1141","2019-08-26",9342.15918,58.7
"1142","2019-08-27",9184.275391,59.51
"1143","2019-08-28",8799.738281,60.49
"1144","2019-08-29",8598.34375,61.08
"1145","2019-08-30",8718.021484,60.37
"1146","2019-09-03",9681.073242,58.26
"1147","2019-09-04",9600.941406,60.7
"1148","2019-09-05",9585.356445,60.95
"1149","2019-09-06",9302.545898,61.54
"1150","2019-09-09",9355.652344,62.59
"1151","2019-09-10",9155.443359,62.38
"1152","2019-09-11",9241.625977,60.81
"1153","2019-09-12",9416.116211,60.38
"1154","2019-09-13",9308.952148,60.22
"1155","2019-09-16",9338.717773,69.02
"1156","2019-09-17",9247.510742,64.55
"1157","2019-09-18",9246.486328,63.6
"1158","2019-09-19",9292.973633,64.4
"1159","2019-09-20",9239.483398,64.28
"1160","2019-09-23",8850.279297,64.77
"1161","2019-09-24",7826.957031,63.1
"1162","2019-09-25",7748.666992,62.39
"1163","2019-09-26",7433.726563,62.74
"1164","2019-09-27",7541.81543,61.91
"1165","2019-09-30",7609.142578,60.78
"1166","2019-10-01",7630.927734,58.89
"1167","2019-10-02",7657.53418,57.69
"1168","2019-10-03",7525.158203,57.71
"1169","2019-10-04",7473.723145,58.37
"1170","2019-10-07",7515.01123,58.35
"1171","2019-10-08",7508.353027,58.24
"1172","2019-10-09",7824.074707,58.32
"1173","2019-10-10",7798.226563,59.1
"1174","2019-10-11",7538.513184,60.51
"1175","2019-10-14",7595.379883,59.35
"1176","2019-10-15",7435.968262,58.74
"1177","2019-10-16",7266.731445,59.42
"1178","2019-10-17",7284.273438,59.91
"1179","2019-10-18",7138.117676,59.42
"1180","2019-10-21",7392.276855,58.96
"1181","2019-10-22",7259.024902,59.7
"1182","2019-10-23",6750.249512,61.17
"1183","2019-10-24",6748.621094,61.67
"1184","2019-10-25",7816.342773,62.02
"1185","2019-10-28",8340.048828,61.57
"1186","2019-10-29",8483.099609,61.59
"1187","2019-10-30",8253.669922,60.61
"1188","2019-10-31",8245.560547,60.23
"1189","2019-11-01",8292.355469,61.69
"1190","2019-11-04",8458.521484,62.13
"1191","2019-11-05",8436.573242,62.96
"1192","2019-11-06",8456.394531,61.74
"1193","2019-11-07",8385.039063,62.29
"1194","2019-11-08",7990.455566,62.51
"1195","2019-11-11",7936.010254,62.18
"1196","2019-11-12",8005.50293,62.06
"1197","2019-11-13",8000.457031,62.37
"1198","2019-11-14",7902.334961,62.28
"1199","2019-11-15",7684.157227,63.3
"1200","2019-11-18",7504.623047,62.44
"1201","2019-11-19",7407.729004,60.91
"1202","2019-11-20",7245.548828,62.4
"1203","2019-11-21",6906.82959,63.97
"1204","2019-11-22",6620.433105,63.39
"1205","2019-11-25",6490.004395,63.65
"1206","2019-11-26",6548.166992,64.27
"1207","2019-11-27",6844.791016,64.06
"1208","2019-11-29",7043.89502,62.43
"1209","2019-12-02",6610.979004,60.92
"1210","2019-12-03",6604.842773,60.82
"1211","2019-12-04",6543.503418,63
"1212","2019-12-05",6707.200684,63.39
"1213","2019-12-06",6824.45459,64.39
"1214","2019-12-09",6689.006836,64.25
"1215","2019-12-10",6561.181152,64.34
"1216","2019-12-11",6483.003418,63.72
"1217","2019-12-12",6474.601563,64.2
"1218","2019-12-13",6537.190918,65.22
"1219","2019-12-16",6224.840332,65.34
"1220","2019-12-17",5954.81543,66.1
"1221","2019-12-18",6546.539063,66.17
"1222","2019-12-19",6475.342773,66.54
"1223","2019-12-20",6516.822754,66.14
"1224","2019-12-23",6631.290039,66.39
"1225","2019-12-24",6603.123047,67.2
"1226","2019-12-26",6521.947266,67.92
"1227","2019-12-27",6523.74707,68.16
"1228","2019-12-30",6510.733887,68.44
"1229","2019-12-31",6411.460449,66
"1230","2020-01-02",6252.938477,66.25
"1231","2020-01-03",6581.73584,68.6
"1232","2020-01-06",6939.714844,68.91
"1233","2020-01-07",7320.774902,68.27
"1234","2020-01-08",7270.785645,65.44
"1235","2020-01-09",7092.748047,65.37
"1236","2020-01-10",7343.365723,64.98
"1237","2020-01-13",7313.74707,64.2
"1238","2020-01-14",7933.511719,64.49
"1239","2020-01-15",7896.189453,64
"1240","2020-01-16",7833.052246,64.62
"1241","2020-01-17",8051.000977,64.85
"1242","2020-01-21",7889.40918,64.59
"1243","2020-01-22",7823.075195,63.21
"1244","2020-01-23",7604.298828,62.04
"1245","2020-01-24",7660.262207,60.69
"1246","2020-01-27",8085.500488,59.32
"1247","2020-01-28",8490.75,59.51
"1248","2020-01-29",8458.931641,59.81
"1249","2020-01-30",8621.291016,58.29
"1250","2020-01-31",8427.623047,58.16
"1251","2020-02-03",8400.93457,54.45
"1252","2020-02-04",8311.948242,53.96
"1253","2020-02-05",8739.87207,55.28
"1254","2020-02-06",8860.473633,54.93
"1255","2020-02-07",8949.750977,54.47
"1256","2020-02-10",9034.057617,53.27
"1257","2020-02-11",9349.304688,54.01
"1258","2020-02-12",9495.313477,55.79
"1259","2020-02-13",9421.151367,56.34
"1260","2020-02-14",9521.362305,57.32
